{
    "name": "c48gl",
    "vendorId": "0x04D8",
    "productId": "0xE735",
    "lighting": "qmk_rgblight",
    "matrix": { "rows": 8, "cols": 6 },
    "layouts": {
        "keymap": [
          [
            {
              "rx": 2.75,
              "ry": 0.25,
              "y": 3.47,
              "x": 0.48,
              "c": "#aaaaaa"
            },
            "3,3"
          ],
          [
            {
              "rx": 12.75,
              "y": 3.47,
              "x": -1.6999999999999993
            },
            "7,2"
          ],
          [
            {
              "r": 10,
              "rx": 2.75,
              "y": -0.25,
              "x": 0.75,
              "c": "#cccccc"
            },
            "0,3"
          ],
          [
            {
              "y": -0.87,
              "x": 1.75
            },
            "0,4"
          ],
          [
            {
              "y": -0.88,
              "x": -0.25
            },
            "0,2",
            {
              "x": 2
            },
            "0,5"
          ],
          [
            {
              "y": -0.75,
              "x": -2.25,
              "c": "#777777"
            },
            "0,0",
            {
              "c": "#cccccc"
            },
            "0,1"
          ],
          [
            {
              "y": -0.5,
              "x": 0.75
            },
            "1,3"
          ],
          [
            {
              "y": -0.8700000000000001,
              "x": 1.75
            },
            "1,4"
          ],
          [
            {
              "y": -0.8799999999999999,
              "x": -0.25
            },
            "1,2",
            {
              "x": 2
            },
            "1,5"
          ],
          [
            {
              "y": -0.75,
              "x": -2.25,
              "c": "#aaaaaa"
            },
            "1,0",
            {
              "c": "#cccccc"
            },
            "1,1"
          ],
          [
            {
              "y": -0.5,
              "x": 0.75
            },
            "2,3"
          ],
          [
            {
              "y": -0.8700000000000001,
              "x": 1.75
            },
            "2,4"
          ],
          [
            {
              "y": -0.8799999999999999,
              "x": -0.25
            },
            "2,2",
            {
              "x": 2
            },
            "2,5"
          ],
          [
            {
              "y": -0.75,
              "x": -2.25,
              "c": "#aaaaaa"
            },
            "2,0",
            {
              "c": "#cccccc"
            },
            "2,1"
          ],
          [
            {
              "y": -0.1200000000000001,
              "x": 2.25,
              "c": "#aaaaaa"
            },
            "3,4"
          ],
          [
            {
              "y": -0.8799999999999999
            },
            "3,2"
          ],
          [
            {
              "y": -0.75,
              "x": -2
            },
            "3,0",
            "3,1"
          ],
          [
            {
              "r": 20,
              "y": -2,
              "x": 3.9299999999999997
            },
            "3,5"
          ],
          [
            {
              "r": -20,
              "rx": 12.75,
              "y": 2.5,
              "x": -5.17
            },
            "7,0"
          ],
          [
            {
              "r": -10,
              "y": -3.75,
              "x": -2,
              "c": "#cccccc"
            },
            "4,2"
          ],
          [
            {
              "y": -0.875,
              "x": -3
            },
            "4,1"
          ],
          [
            {
              "y": -0.875,
              "x": -4
            },
            "4,0",
            {
              "x": 2
            },
            "4,3"
          ],
          [
            {
              "y": -0.75
            },
            "4,4",
            "4,5"
          ],
          [
            {
              "y": -0.5,
              "x": -2
            },
            "5,2"
          ],
          [
            {
              "y": -0.875,
              "x": -3
            },
            "5,1"
          ],
          [
            {
              "y": -0.875,
              "x": -4
            },
            "5,0",
            {
              "x": 2
            },
            "5,3"
          ],
          [
            {
              "y": -0.75
            },
            "5,4",
            "5,5"
          ],
          [
            {
              "y": -0.5,
              "x": -2
            },
            "6,2"
          ],
          [
            {
              "y": -0.875,
              "x": -3
            },
            "6,1"
          ],
          [
            {
              "y": -0.875,
              "x": -4
            },
            "6,0",
            {
              "x": 2
            },
            "6,3"
          ],
          [
            {
              "y": -0.75
            },
            "6,4",
            "6,5"
          ],
          [
            {
              "y": -0.1200000000000001,
              "x": -3.5,
              "c": "#aaaaaa"
            },
            "7,1"
          ],
          [
            {
              "y": -0.8799999999999999,
              "x": -1.25
            },
            "7,3"
          ],
          [
            {
              "y": -0.75,
              "x": -0.25
            },
            "7,4",
            "7,5"
          ]
        ]
    }
}